{
  "uid" : "b1a8273437954620fa374b796ffaacdd",
  "name" : "behaviors",
  "children" : [ {
    "name" : "hao123",
    "uid" : "7fe1ccae0b99cc05",
    "parentUid" : "b1a8273437954620fa374b796ffaacdd",
    "status" : "passed",
    "time" : {
      "start" : 1671601901072,
      "stop" : 1671601906823,
      "duration" : 5751
    },
    "flaky" : false,
    "parameters" : [ ]
  }, {
    "name" : "新闻",
    "uid" : "85b2dcf2148aad95",
    "parentUid" : "b1a8273437954620fa374b796ffaacdd",
    "status" : "passed",
    "time" : {
      "start" : 1671601907149,
      "stop" : 1671601909599,
      "duration" : 2450
    },
    "flaky" : false,
    "parameters" : [ ]
  }, {
    "name" : "地图",
    "uid" : "2310eb5c66af785",
    "parentUid" : "b1a8273437954620fa374b796ffaacdd",
    "status" : "passed",
    "time" : {
      "start" : 1671601909614,
      "stop" : 1671601910018,
      "duration" : 404
    },
    "flaky" : false,
    "parameters" : [ ]
  }, {
    "name" : "设置-搜索设置",
    "uid" : "708b7fdc0f515568",
    "parentUid" : "b1a8273437954620fa374b796ffaacdd",
    "status" : "passed",
    "time" : {
      "start" : 1671601910027,
      "stop" : 1671601910721,
      "duration" : 694
    },
    "flaky" : false,
    "parameters" : [ ]
  }, {
    "name" : "翻译接口",
    "uid" : "67011c25114615ae",
    "parentUid" : "b1a8273437954620fa374b796ffaacdd",
    "status" : "passed",
    "time" : {
      "start" : 1672065875816,
      "stop" : 1672065876917,
      "duration" : 1101
    },
    "flaky" : true,
    "parameters" : [ ]
  } ]
}