{
  "uid" : "83edc06c07f9ae9e47eb6dd1b683e4e2",
  "name" : "packages",
  "children" : [ {
    "name" : "com.test.api.testcase",
    "children" : [ {
      "name" : "UiAndintreF",
      "children" : [ {
        "name" : "BaiduWebSearchHaoTest",
        "children" : [ {
          "name" : "test_hao123",
          "uid" : "7fe1ccae0b99cc05",
          "parentUid" : "da58dfed894f6abc7789532e1786a911",
          "status" : "passed",
          "time" : {
            "start" : 1671601901072,
            "stop" : 1671601906823,
            "duration" : 5751
          },
          "flaky" : false,
          "parameters" : [ ]
        } ],
        "uid" : "da58dfed894f6abc7789532e1786a911"
      }, {
        "name" : "BaiduWebNewsTest",
        "children" : [ {
          "name" : "test_news01",
          "uid" : "85b2dcf2148aad95",
          "parentUid" : "57b4a90b71c7fcc2f1745a3b7b83f5bc",
          "status" : "passed",
          "time" : {
            "start" : 1671601907149,
            "stop" : 1671601909599,
            "duration" : 2450
          },
          "flaky" : false,
          "parameters" : [ ]
        } ],
        "uid" : "57b4a90b71c7fcc2f1745a3b7b83f5bc"
      }, {
        "name" : "BaiduWebCityMapTest",
        "children" : [ {
          "name" : "test_cityMap",
          "uid" : "2310eb5c66af785",
          "parentUid" : "2e94921a808ba0722e82f124fb136533",
          "status" : "passed",
          "time" : {
            "start" : 1671601909614,
            "stop" : 1671601910018,
            "duration" : 404
          },
          "flaky" : false,
          "parameters" : [ ]
        } ],
        "uid" : "2e94921a808ba0722e82f124fb136533"
      }, {
        "name" : "BaiduWebSetTest",
        "children" : [ {
          "name" : "test_setOptions03",
          "uid" : "708b7fdc0f515568",
          "parentUid" : "1d54b8277b42fb69303b263897522bbf",
          "status" : "passed",
          "time" : {
            "start" : 1671601910027,
            "stop" : 1671601910721,
            "duration" : 694
          },
          "flaky" : false,
          "parameters" : [ ]
        } ],
        "uid" : "1d54b8277b42fb69303b263897522bbf"
      } ],
      "uid" : "7ff488bd8bcfcfb36904dab8b5ed76e1"
    }, {
      "name" : "FuncAPI.TranslateTest",
      "children" : [ {
        "name" : "Translate_zh_to_en",
        "uid" : "67011c25114615ae",
        "parentUid" : "2caf287850113b14c4997432b1229986",
        "status" : "passed",
        "time" : {
          "start" : 1672065875816,
          "stop" : 1672065876917,
          "duration" : 1101
        },
        "flaky" : true,
        "parameters" : [ ]
      } ],
      "uid" : "FuncAPI.TranslateTest"
    } ],
    "uid" : "com.test.api.testcase"
  } ]
}