{
  "uid" : "98d3104e051c652961429bf95fa0b5d6",
  "name" : "suites",
  "children" : [ {
    "name" : "All Test Suite",
    "children" : [ {
      "name" : "groupBaiDuUi",
      "children" : [ {
        "name" : "com.test.api.testcase.UiAndintreF.BaiduWebSearchHaoTest",
        "children" : [ {
          "name" : "hao123",
          "uid" : "7fe1ccae0b99cc05",
          "parentUid" : "f53654d72cbdadb3e6d189fddbf17a95",
          "status" : "passed",
          "time" : {
            "start" : 1671601901072,
            "stop" : 1671601906823,
            "duration" : 5751
          },
          "flaky" : false,
          "parameters" : [ ]
        } ],
        "uid" : "f53654d72cbdadb3e6d189fddbf17a95"
      }, {
        "name" : "com.test.api.testcase.UiAndintreF.BaiduWebNewsTest",
        "children" : [ {
          "name" : "新闻",
          "uid" : "85b2dcf2148aad95",
          "parentUid" : "8f47ef28195d0d7304a7a90db09e8f3f",
          "status" : "passed",
          "time" : {
            "start" : 1671601907149,
            "stop" : 1671601909599,
            "duration" : 2450
          },
          "flaky" : false,
          "parameters" : [ ]
        } ],
        "uid" : "8f47ef28195d0d7304a7a90db09e8f3f"
      }, {
        "name" : "com.test.api.testcase.UiAndintreF.BaiduWebCityMapTest",
        "children" : [ {
          "name" : "地图",
          "uid" : "2310eb5c66af785",
          "parentUid" : "2e67fee6cd2413f569cfb6c89855600e",
          "status" : "passed",
          "time" : {
            "start" : 1671601909614,
            "stop" : 1671601910018,
            "duration" : 404
          },
          "flaky" : false,
          "parameters" : [ ]
        } ],
        "uid" : "2e67fee6cd2413f569cfb6c89855600e"
      }, {
        "name" : "com.test.api.testcase.UiAndintreF.BaiduWebSetTest",
        "children" : [ {
          "name" : "设置-搜索设置",
          "uid" : "708b7fdc0f515568",
          "parentUid" : "36dab35a078ed9d583db36b07cf19bcd",
          "status" : "passed",
          "time" : {
            "start" : 1671601910027,
            "stop" : 1671601910721,
            "duration" : 694
          },
          "flaky" : false,
          "parameters" : [ ]
        } ],
        "uid" : "36dab35a078ed9d583db36b07cf19bcd"
      } ],
      "uid" : "ca36a4264f946b67c8cc547ae66ab2b7"
    } ],
    "uid" : "7d0421919ebcae780c955830177c9415"
  }, {
    "name" : "Default Suite",
    "children" : [ {
      "name" : "helios-cn",
      "children" : [ {
        "name" : "com.test.api.testcase.FuncAPI.TranslateTest",
        "children" : [ {
          "name" : "翻译接口",
          "uid" : "67011c25114615ae",
          "parentUid" : "eb0bb059fe0c8cbbc3965130a025873a",
          "status" : "passed",
          "time" : {
            "start" : 1672065875816,
            "stop" : 1672065876917,
            "duration" : 1101
          },
          "flaky" : true,
          "parameters" : [ ]
        } ],
        "uid" : "eb0bb059fe0c8cbbc3965130a025873a"
      } ],
      "uid" : "03c58f9ea34fcfd813c4a415b4778d16"
    } ],
    "uid" : "8399274b4bb69ec8699907dd6ef7de4e"
  } ]
}