{
  "uid" : "ab17fc5a4eb3bca4b216b548c7f9fcbc",
  "name" : "timeline",
  "children" : [ {
    "name" : "DESKTOP-6G7QALM",
    "children" : [ {
      "name" : "11336@DESKTOP-6G7QALM.TestNG-tests-1(14)",
      "children" : [ {
        "name" : "新闻",
        "uid" : "85b2dcf2148aad95",
        "parentUid" : "b7eb5c28c3be688d04fcfcfacea83edc",
        "status" : "passed",
        "time" : {
          "start" : 1671601907149,
          "stop" : 1671601909599,
          "duration" : 2450
        },
        "flaky" : false,
        "parameters" : [ ]
      }, {
        "name" : "地图",
        "uid" : "2310eb5c66af785",
        "parentUid" : "b7eb5c28c3be688d04fcfcfacea83edc",
        "status" : "passed",
        "time" : {
          "start" : 1671601909614,
          "stop" : 1671601910018,
          "duration" : 404
        },
        "flaky" : false,
        "parameters" : [ ]
      }, {
        "name" : "设置-搜索设置",
        "uid" : "708b7fdc0f515568",
        "parentUid" : "b7eb5c28c3be688d04fcfcfacea83edc",
        "status" : "passed",
        "time" : {
          "start" : 1671601910027,
          "stop" : 1671601910721,
          "duration" : 694
        },
        "flaky" : false,
        "parameters" : [ ]
      }, {
        "name" : "hao123",
        "uid" : "7fe1ccae0b99cc05",
        "parentUid" : "b7eb5c28c3be688d04fcfcfacea83edc",
        "status" : "passed",
        "time" : {
          "start" : 1671601901072,
          "stop" : 1671601906823,
          "duration" : 5751
        },
        "flaky" : false,
        "parameters" : [ ]
      } ],
      "uid" : "b7eb5c28c3be688d04fcfcfacea83edc"
    }, {
      "name" : "5972@DESKTOP-6G7QALM.main(1)",
      "children" : [ {
        "name" : "翻译接口",
        "uid" : "67011c25114615ae",
        "parentUid" : "f11b28fc3060423190a0ba3427f01080",
        "status" : "passed",
        "time" : {
          "start" : 1672065875816,
          "stop" : 1672065876917,
          "duration" : 1101
        },
        "flaky" : true,
        "parameters" : [ ]
      } ],
      "uid" : "f11b28fc3060423190a0ba3427f01080"
    } ],
    "uid" : "ab6866a085c5927bb8b1e256800464b7"
  } ]
}