[ {
  "uid" : "85b2dcf2148aad95",
  "name" : "新闻",
  "time" : {
    "start" : 1671601907149,
    "stop" : 1671601909599,
    "duration" : 2450
  },
  "status" : "passed",
  "severity" : "normal"
}, {
  "uid" : "2310eb5c66af785",
  "name" : "地图",
  "time" : {
    "start" : 1671601909614,
    "stop" : 1671601910018,
    "duration" : 404
  },
  "status" : "passed",
  "severity" : "normal"
}, {
  "uid" : "67011c25114615ae",
  "name" : "翻译接口",
  "time" : {
    "start" : 1672065875816,
    "stop" : 1672065876917,
    "duration" : 1101
  },
  "status" : "passed",
  "severity" : "normal"
}, {
  "uid" : "708b7fdc0f515568",
  "name" : "设置-搜索设置",
  "time" : {
    "start" : 1671601910027,
    "stop" : 1671601910721,
    "duration" : 694
  },
  "status" : "passed",
  "severity" : "normal"
}, {
  "uid" : "7fe1ccae0b99cc05",
  "name" : "hao123",
  "time" : {
    "start" : 1671601901072,
    "stop" : 1671601906823,
    "duration" : 5751
  },
  "status" : "passed",
  "severity" : "normal"
} ]