{
  "b906182d2099fb2f6d7bf0d881930fd6" : {
    "statistic" : {
      "failed" : 0,
      "broken" : 0,
      "skipped" : 0,
      "passed" : 1,
      "unknown" : 0,
      "total" : 1
    },
    "items" : [ {
      "uid" : "708b7fdc0f515568",
      "status" : "passed",
      "time" : {
        "start" : 1671601910027,
        "stop" : 1671601910721,
        "duration" : 694
      }
    } ]
  },
  "84996b2612bc6f20eaa156618faf389e" : {
    "statistic" : {
      "failed" : 0,
      "broken" : 0,
      "skipped" : 0,
      "passed" : 1,
      "unknown" : 0,
      "total" : 1
    },
    "items" : [ {
      "uid" : "7fe1ccae0b99cc05",
      "status" : "passed",
      "time" : {
        "start" : 1671601901072,
        "stop" : 1671601906823,
        "duration" : 5751
      }
    } ]
  },
  "61bf81cdac5e476abdf110ae9760cdea" : {
    "statistic" : {
      "failed" : 0,
      "broken" : 0,
      "skipped" : 0,
      "passed" : 1,
      "unknown" : 0,
      "total" : 1
    },
    "items" : [ {
      "uid" : "2310eb5c66af785",
      "status" : "passed",
      "time" : {
        "start" : 1671601909614,
        "stop" : 1671601910018,
        "duration" : 404
      }
    } ]
  },
  "3037289905dacf8335afab93e398213c" : {
    "statistic" : {
      "failed" : 0,
      "broken" : 0,
      "skipped" : 0,
      "passed" : 1,
      "unknown" : 0,
      "total" : 1
    },
    "items" : [ {
      "uid" : "67011c25114615ae",
      "status" : "passed",
      "time" : {
        "start" : 1672065875816,
        "stop" : 1672065876917,
        "duration" : 1101
      }
    } ]
  },
  "75d01b8086e2d724aee209c49d0ce144" : {
    "statistic" : {
      "failed" : 0,
      "broken" : 0,
      "skipped" : 0,
      "passed" : 1,
      "unknown" : 0,
      "total" : 1
    },
    "items" : [ {
      "uid" : "85b2dcf2148aad95",
      "status" : "passed",
      "time" : {
        "start" : 1671601907149,
        "stop" : 1671601909599,
        "duration" : 2450
      }
    } ]
  }
}